{"cameraMode":{"drawMode":0,"name":"Shaded","section":"Shading Mode"},"sceneLighting":true,"audioPlay":false,"sceneViewState":{"m_AlwaysRefresh":false,"showFog":true,"showSkybox":true,"showFlares":true,"showImageEffects":true,"showParticleSystems":true,"showVisualEffectGraphs":true,"m_FxEnabled":true},"in2DMode":false,"pivot":{"x":-4.315186977386475,"y":1.6811285018920899,"z":-14.643054962158204},"rotation":{"x":0.000026129102479899302,"y":0.9901211261749268,"z":0.002714769449084997,"w":-0.14140544831752778},"size":9.148426055908204,"orthographic":false}